,artistsrc,titlesrc,danceability,energy,key,loudness,mode,speechiness,acousticness,instrumentalness,liveness,valence,tempo,type,id,uri,track_href,analysis_url,duration_ms,time_signature,error
0,Bing Crosby,White Christmas,,,,,,,,,,,,,,,,,,,"{'status': 404, 'message': 'analysis not found'}"
1,Elton John,Candle in the Wind 1997,0.533,0.111,4,-15.971,1,0.0449,0.955,0.672,0.0975,0.222,125.477,audio_features,1DHec5LBzLgM4J06z3aDFB,spotify:track:1DHec5LBzLgM4J06z3aDFB,https://api.spotify.com/v1/tracks/1DHec5LBzLgM4J06z3aDFB,https://api.spotify.com/v1/audio-analysis/1DHec5LBzLgM4J06z3aDFB,256200,4,
2,Mungo Jerry,In the Summertime,0.754,0.449,4,-14.013,1,0.0615,0.724,0.0,0.162,0.973,82.751,audio_features,3RNyGLgSvmVRZ7xKUp8Wgd,spotify:track:3RNyGLgSvmVRZ7xKUp8Wgd,https://api.spotify.com/v1/tracks/3RNyGLgSvmVRZ7xKUp8Wgd,https://api.spotify.com/v1/audio-analysis/3RNyGLgSvmVRZ7xKUp8Wgd,211880,4,
3,Bing Crosby,Silent Night,0.111,0.184,8,-15.011,1,0.0344,0.974,0.0456,0.111,0.214,76.416,audio_features,0nXn0SUs0tltQODYyNbqcc,spotify:track:0nXn0SUs0tltQODYyNbqcc,https://api.spotify.com/v1/tracks/0nXn0SUs0tltQODYyNbqcc,https://api.spotify.com/v1/audio-analysis/0nXn0SUs0tltQODYyNbqcc,156867,1,
4,Bill Haley,Rock Around the Clock,0.609,0.526,9,-13.106,1,0.43,0.139,0.0,0.0946,0.93,173.179,audio_features,34AmZ4PMz9iNZVp9AMIGZj,spotify:track:34AmZ4PMz9iNZVp9AMIGZj,https://api.spotify.com/v1/tracks/34AmZ4PMz9iNZVp9AMIGZj,https://api.spotify.com/v1/audio-analysis/34AmZ4PMz9iNZVp9AMIGZj,137000,4,
5,Domenico Modugno,Nel blu dipinto di blu,0.547,0.0588,10,-17.062,1,0.0405,0.982,1.59e-05,0.193,0.481,129.51,audio_features,5zyrEv4F3FaLECI8TOKpFM,spotify:track:5zyrEv4F3FaLECI8TOKpFM,https://api.spotify.com/v1/tracks/5zyrEv4F3FaLECI8TOKpFM,https://api.spotify.com/v1/audio-analysis/5zyrEv4F3FaLECI8TOKpFM,219120,4,
6,Whitney Houston,I Will Always Love You,0.306,0.214,4,-12.518,1,0.0356,0.844,5.3e-06,0.0839,0.108,66.98,audio_features,4eHbdreAnSOrDDsFfc4Fpm,spotify:track:4eHbdreAnSOrDDsFfc4Fpm,https://api.spotify.com/v1/tracks/4eHbdreAnSOrDDsFfc4Fpm,https://api.spotify.com/v1/audio-analysis/4eHbdreAnSOrDDsFfc4Fpm,271093,4,
7,Elvis Presley,It's Now or Never,0.643,0.491,4,-9.312,1,0.0344,0.642,0.00972,0.286,0.753,126.399,audio_features,1XunTmhOcj3xwh4b8P3isX,spotify:track:1XunTmhOcj3xwh4b8P3isX,https://api.spotify.com/v1/tracks/1XunTmhOcj3xwh4b8P3isX,https://api.spotify.com/v1/audio-analysis/1XunTmhOcj3xwh4b8P3isX,194600,4,
8,USA for Africa,We Are the World,0.613,0.747,4,-6.59,1,0.0505,0.613,0.0,0.306,0.48,145.021,audio_features,7p1G7n72t0XpGeGUfJqn0Z,spotify:track:7p1G7n72t0XpGeGUfJqn0Z,https://api.spotify.com/v1/tracks/7p1G7n72t0XpGeGUfJqn0Z,https://api.spotify.com/v1/audio-analysis/7p1G7n72t0XpGeGUfJqn0Z,305067,4,
9,The Ink Spots,If I Didn't Care,0.441,0.132,11,-16.601,0,0.07,0.993,0.00102,0.135,0.323,88.151,audio_features,6FfdbDMgOWLVg8Ay3m2WGR,spotify:track:6FfdbDMgOWLVg8Ay3m2WGR,https://api.spotify.com/v1/tracks/6FfdbDMgOWLVg8Ay3m2WGR,https://api.spotify.com/v1/audio-analysis/6FfdbDMgOWLVg8Ay3m2WGR,186400,4,
10,Céline Dion,My Heart Will Go On,0.428,0.276,4,-11.729,1,0.0312,0.732,5.33e-06,0.117,0.0382,99.195,audio_features,3oEHQmhvFLiE7ZYES0ulzv,spotify:track:3oEHQmhvFLiE7ZYES0ulzv,https://api.spotify.com/v1/tracks/3oEHQmhvFLiE7ZYES0ulzv,https://api.spotify.com/v1/audio-analysis/3oEHQmhvFLiE7ZYES0ulzv,280000,1,
11,The Beatles,I Want to Hold Your Hand,0.49,0.715,7,-5.549,1,0.0476,0.386,0.0,0.311,0.866,130.726,audio_features,4pbG9SUmWIvsROVLF0zF9s,spotify:track:4pbG9SUmWIvsROVLF0zF9s,https://api.spotify.com/v1/tracks/4pbG9SUmWIvsROVLF0zF9s,https://api.spotify.com/v1/audio-analysis/4pbG9SUmWIvsROVLF0zF9s,145747,4,
12,John Travolta,You're the One That I Want,0.762,0.608,0,-11.36,1,0.0644,0.294,0.00148,0.117,0.841,106.931,audio_features,1pj3RzpA5AoXkZln0NockI,spotify:track:1pj3RzpA5AoXkZln0NockI,https://api.spotify.com/v1/tracks/1pj3RzpA5AoXkZln0NockI,https://api.spotify.com/v1/audio-analysis/1pj3RzpA5AoXkZln0NockI,169840,4,
13,Bryan Adams,(Everything I Do) I Do It for You,0.516,0.381,1,-12.583,1,0.0278,0.0754,2.3e-05,0.0616,0.303,131.243,audio_features,1Eb90nmqTrxylKFhcUzW8P,spotify:track:1Eb90nmqTrxylKFhcUzW8P,https://api.spotify.com/v1/tracks/1Eb90nmqTrxylKFhcUzW8P,https://api.spotify.com/v1/audio-analysis/1Eb90nmqTrxylKFhcUzW8P,393640,4,
14,Mariah Carey,All I Want for Christmas Is You,0.335,0.625,7,-7.462,1,0.0386,0.164,0.0,0.0708,0.346,150.277,audio_features,0bYg9bo50gSsH3LtXe2SQn,spotify:track:0bYg9bo50gSsH3LtXe2SQn,https://api.spotify.com/v1/tracks/0bYg9bo50gSsH3LtXe2SQn,https://api.spotify.com/v1/audio-analysis/0bYg9bo50gSsH3LtXe2SQn,241107,4,
15,Herman's Hermits,"Mrs. Brown, You've Got a Lovely Daughter",0.639,0.394,0,-12.638,1,0.0757,0.617,0.00446,0.066,0.898,148.243,audio_features,4YumtAvz1IPEvC75o7stw8,spotify:track:4YumtAvz1IPEvC75o7stw8,https://api.spotify.com/v1/tracks/4YumtAvz1IPEvC75o7stw8,https://api.spotify.com/v1/audio-analysis/4YumtAvz1IPEvC75o7stw8,169000,4,
16,Scorpions,Wind of Change,0.48,0.535,0,-10.232,1,0.0324,0.371,0.0,0.0929,0.293,75.766,audio_features,3ovjw5HZZv43SxTwApooCM,spotify:track:3ovjw5HZZv43SxTwApooCM,https://api.spotify.com/v1/tracks/3ovjw5HZZv43SxTwApooCM,https://api.spotify.com/v1/audio-analysis/3ovjw5HZZv43SxTwApooCM,313227,4,
17,Robert Miles,Children,0.604,0.768,0,-9.066,1,0.0331,0.000288,0.716,0.0789,0.432,137.056,audio_features,6nsKmSRCB5Au2OS5hBmSzf,spotify:track:6nsKmSRCB5Au2OS5hBmSzf,https://api.spotify.com/v1/tracks/6nsKmSRCB5Au2OS5hBmSzf,https://api.spotify.com/v1/audio-analysis/6nsKmSRCB5Au2OS5hBmSzf,246707,4,
18,Gene Autry,Rudolph the Red-Nosed Reindeer,0.834,0.372,1,-11.99,1,0.0358,0.799,0.0,0.275,0.976,96.628,audio_features,25leEEaz1gIpp7o21Fqyjo,spotify:track:25leEEaz1gIpp7o21Fqyjo,https://api.spotify.com/v1/tracks/25leEEaz1gIpp7o21Fqyjo,https://api.spotify.com/v1/audio-analysis/25leEEaz1gIpp7o21Fqyjo,150267,4,
19,Band Aid,Do They Know It's Christmas?,0.599,0.642,0,-6.936,1,0.0363,0.164,3.33e-05,0.0992,0.349,115.412,audio_features,0247StOpd3AkeBQzANX4Zf,spotify:track:0247StOpd3AkeBQzANX4Zf,https://api.spotify.com/v1/tracks/0247StOpd3AkeBQzANX4Zf,https://api.spotify.com/v1/audio-analysis/0247StOpd3AkeBQzANX4Zf,222533,4,
20,Andrea Bocelli,Time to Say Goodbye,0.201,0.435,7,-7.149,1,0.033,0.818,0.00245,0.0985,0.349,156.477,audio_features,4aLcGMxwFtcZRpl7NDtNW2,spotify:track:4aLcGMxwFtcZRpl7NDtNW2,https://api.spotify.com/v1/tracks/4aLcGMxwFtcZRpl7NDtNW2,https://api.spotify.com/v1/audio-analysis/4aLcGMxwFtcZRpl7NDtNW2,245893,3,
21,Lou Bega,Mambo No. 5,0.622,0.807,5,-6.752,0,0.408,0.103,0.0,0.306,0.892,174.06,audio_features,6x4tKaOzfNJpEJHySoiJcs,spotify:track:6x4tKaOzfNJpEJHySoiJcs,https://api.spotify.com/v1/tracks/6x4tKaOzfNJpEJHySoiJcs,https://api.spotify.com/v1/audio-analysis/6x4tKaOzfNJpEJHySoiJcs,220293,4,
22,Village People,Y.M.C.A.,0.746,0.933,6,-5.493,1,0.102,0.111,0.0,0.0814,0.677,127.152,audio_features,3LB208P4JOoySHpdavOWbe,spotify:track:3LB208P4JOoySHpdavOWbe,https://api.spotify.com/v1/tracks/3LB208P4JOoySHpdavOWbe,https://api.spotify.com/v1/audio-analysis/3LB208P4JOoySHpdavOWbe,222347,4,
23,Cher,Believe,0.652,0.917,6,-6.72,1,0.0548,0.0082,0.0,0.0509,0.459,132.975,audio_features,2goLsvvODILDzeeiT4dAoR,spotify:track:2goLsvvODILDzeeiT4dAoR,https://api.spotify.com/v1/tracks/2goLsvvODILDzeeiT4dAoR,https://api.spotify.com/v1/audio-analysis/2goLsvvODILDzeeiT4dAoR,239027,4,
24,Carl Douglas,Kung Fu Fighting,0.598,0.673,2,-10.431,1,0.0693,0.0422,6.84e-05,0.289,0.59,102.035,audio_features,40NRm1ZLvZpUSCUXAGGZ8J,spotify:track:40NRm1ZLvZpUSCUXAGGZ8J,https://api.spotify.com/v1/tracks/40NRm1ZLvZpUSCUXAGGZ8J,https://api.spotify.com/v1/audio-analysis/40NRm1ZLvZpUSCUXAGGZ8J,197693,4,
25,Terry Jacks,Seasons in the Sun,0.623,0.427,6,-14.58,1,0.05,0.443,0.0,0.1,0.899,99.167,audio_features,6AhUX0ObPgTnS5GGFrRidN,spotify:track:6AhUX0ObPgTnS5GGFrRidN,https://api.spotify.com/v1/tracks/6AhUX0ObPgTnS5GGFrRidN,https://api.spotify.com/v1/audio-analysis/6AhUX0ObPgTnS5GGFrRidN,205587,4,
26,George McCrae,Rock Your Baby,0.594,0.771,5,-10.671,0,0.0443,0.313,0.00474,0.0694,0.953,104.389,audio_features,1lmfsSEuxU4PpT739Kihno,spotify:track:1lmfsSEuxU4PpT739Kihno,https://api.spotify.com/v1/tracks/1lmfsSEuxU4PpT739Kihno,https://api.spotify.com/v1/audio-analysis/1lmfsSEuxU4PpT739Kihno,200867,4,
27,The Mills Brothers,Paper Doll,0.605,0.0853,0,-16.141,1,0.0856,0.975,7.8e-06,0.163,0.463,162.158,audio_features,2IwQksOy3XrUUEuUP4D7I1,spotify:track:2IwQksOy3XrUUEuUP4D7I1,https://api.spotify.com/v1/tracks/2IwQksOy3XrUUEuUP4D7I1,https://api.spotify.com/v1/audio-analysis/2IwQksOy3XrUUEuUP4D7I1,157600,4,
28,Roger Whittaker,The Last Farewell,0.424,0.356,8,-13.821,1,0.0334,0.246,0.0311,0.105,0.377,90.179,audio_features,3AInBEwANMFfwhpUcUechO,spotify:track:3AInBEwANMFfwhpUcUechO,https://api.spotify.com/v1/tracks/3AInBEwANMFfwhpUcUechO,https://api.spotify.com/v1/audio-analysis/3AInBEwANMFfwhpUcUechO,222027,4,
29,ABBA,Fernando,0.354,0.535,9,-8.876,1,0.0303,0.627,2.9e-06,0.0808,0.434,110.821,audio_features,4BM8yJ0PzBi2ZewpMTOxtx,spotify:track:4BM8yJ0PzBi2ZewpMTOxtx,https://api.spotify.com/v1/tracks/4BM8yJ0PzBi2ZewpMTOxtx,https://api.spotify.com/v1/audio-analysis/4BM8yJ0PzBi2ZewpMTOxtx,252960,4,
30,Ace of Base,All That She Wants,0.798,0.625,11,-9.689,1,0.0548,0.00547,7.98e-05,0.103,0.858,93.764,audio_features,6kWJvPfC4DgUpRsXKNa9z9,spotify:track:6kWJvPfC4DgUpRsXKNa9z9,https://api.spotify.com/v1/tracks/6kWJvPfC4DgUpRsXKNa9z9,https://api.spotify.com/v1/audio-analysis/6kWJvPfC4DgUpRsXKNa9z9,211213,4,
31,Roy Acuff,Wabash Cannonball,0.717,0.37,9,-10.119,1,0.0365,0.763,0.0,0.424,0.881,99.425,audio_features,5RKPe1oN9lGayUCKn00fYi,spotify:track:5RKPe1oN9lGayUCKn00fYi,https://api.spotify.com/v1/tracks/5RKPe1oN9lGayUCKn00fYi,https://api.spotify.com/v1/audio-analysis/5RKPe1oN9lGayUCKn00fYi,155388,4,
32,Paul Anka,Diana,0.562,0.414,7,-9.984,1,0.0293,0.297,0.0,0.848,0.961,143.27,audio_features,0STUX1dMWvC7RsyOTTgqxt,spotify:track:0STUX1dMWvC7RsyOTTgqxt,https://api.spotify.com/v1/tracks/0STUX1dMWvC7RsyOTTgqxt,https://api.spotify.com/v1/audio-analysis/0STUX1dMWvC7RsyOTTgqxt,136947,4,
33,Boney M.,Rivers of Babylon,0.729,0.851,7,-7.033,1,0.0362,0.13,0.000912,0.443,0.741,115.118,audio_features,78His8pbKjbDQF7aX5asgv,spotify:track:78His8pbKjbDQF7aX5asgv,https://api.spotify.com/v1/tracks/78His8pbKjbDQF7aX5asgv,https://api.spotify.com/v1/audio-analysis/78His8pbKjbDQF7aX5asgv,261267,4,
34,Toni Braxton,Un-Break My Heart,0.625,0.426,2,-8.392,0,0.0271,0.413,0.0,0.116,0.112,110.018,audio_features,5Ihd9HrPvOADyVoonH9ZjB,spotify:track:5Ihd9HrPvOADyVoonH9ZjB,https://api.spotify.com/v1/tracks/5Ihd9HrPvOADyVoonH9ZjB,https://api.spotify.com/v1/audio-analysis/5Ihd9HrPvOADyVoonH9ZjB,270333,4,
35,Culture Beat,Mr. Vain,0.703,0.997,9,-7.666,0,0.0399,0.0726,0.0235,0.123,0.391,132.872,audio_features,4ih3dyFZoeTdaeJW9mPbOI,spotify:track:4ih3dyFZoeTdaeJW9mPbOI,https://api.spotify.com/v1/tracks/4ih3dyFZoeTdaeJW9mPbOI,https://api.spotify.com/v1/audio-analysis/4ih3dyFZoeTdaeJW9mPbOI,257467,4,
36,The Knack,My Sharona,0.586,0.7,0,-9.558,1,0.0363,0.0589,0.00125,0.0318,0.897,147.245,audio_features,1HOMkjp0nHMaTnfAkslCQj,spotify:track:1HOMkjp0nHMaTnfAkslCQj,https://api.spotify.com/v1/tracks/1HOMkjp0nHMaTnfAkslCQj,https://api.spotify.com/v1/audio-analysis/1HOMkjp0nHMaTnfAkslCQj,295400,4,
37,Lipps Inc.,Funkytown,0.915,0.657,0,-6.846,1,0.0514,0.00112,0.286,0.117,0.36,122.435,audio_features,0N5Du3CNQilIBTxkwDQadv,spotify:track:0N5Du3CNQilIBTxkwDQadv,https://api.spotify.com/v1/tracks/0N5Du3CNQilIBTxkwDQadv,https://api.spotify.com/v1/audio-analysis/0N5Du3CNQilIBTxkwDQadv,238240,4,
38,Los del Río,Macarena,0.923,0.679,8,-14.019,1,0.0888,0.428,0.000131,0.0908,0.965,103.017,audio_features,4Y6cDd4EPHcEbiUKdyvNwM,spotify:track:4Y6cDd4EPHcEbiUKdyvNwM,https://api.spotify.com/v1/tracks/4Y6cDd4EPHcEbiUKdyvNwM,https://api.spotify.com/v1/audio-analysis/4Y6cDd4EPHcEbiUKdyvNwM,251293,4,
39,Middle of the Road,Chirpy Chirpy Cheep Cheep,0.549,0.547,11,-8.681,0,0.0452,0.0916,2.26e-06,0.205,0.972,129.814,audio_features,703RBHUEEi5c4o4YUXAM9Q,spotify:track:703RBHUEEi5c4o4YUXAM9Q,https://api.spotify.com/v1/tracks/703RBHUEEi5c4o4YUXAM9Q,https://api.spotify.com/v1/audio-analysis/703RBHUEEi5c4o4YUXAM9Q,177800,4,
40,The Monkees,I'm a Believer,0.526,0.775,0,-6.05,1,0.0352,0.707,2.05e-05,0.217,0.962,80.106,audio_features,3G7tRC24Uh09Hmp1KZ7LQ2,spotify:track:3G7tRC24Uh09Hmp1KZ7LQ2,https://api.spotify.com/v1/tracks/3G7tRC24Uh09Hmp1KZ7LQ2,https://api.spotify.com/v1/audio-analysis/3G7tRC24Uh09Hmp1KZ7LQ2,167373,4,
41,Patti Page,Tennessee Waltz,0.373,0.124,5,-12.95,1,0.0342,0.969,0.000891,0.123,0.351,86.857,audio_features,0BHroBUvBAp561BYqC9LRK,spotify:track:0BHroBUvBAp561BYqC9LRK,https://api.spotify.com/v1/tracks/0BHroBUvBAp561BYqC9LRK,https://api.spotify.com/v1/audio-analysis/0BHroBUvBAp561BYqC9LRK,185000,3,
42,Panjabi MC,Mundian To Bach Ke,0.727,0.925,8,-5.808,0,0.0479,0.0998,0.301,0.0554,0.964,98.058,audio_features,0WqS4ZSC82YEQl2zH2ywYZ,spotify:track:0WqS4ZSC82YEQl2zH2ywYZ,https://api.spotify.com/v1/tracks/0WqS4ZSC82YEQl2zH2ywYZ,https://api.spotify.com/v1/audio-analysis/0WqS4ZSC82YEQl2zH2ywYZ,235667,4,
43,The Penguins,Earth Angel,0.541,0.199,8,-11.679,1,0.0286,0.975,1.03e-05,0.103,0.519,72.767,audio_features,2NuMeCS2NXS2RZIS9f9U86,spotify:track:2NuMeCS2NXS2RZIS9f9U86,https://api.spotify.com/v1/tracks/2NuMeCS2NXS2RZIS9f9U86,https://api.spotify.com/v1/audio-analysis/2NuMeCS2NXS2RZIS9f9U86,176133,4,
44,Elvis Presley,Heartbreak Hotel,0.696,0.21,4,-11.922,1,0.067,0.84,1.62e-06,0.107,0.717,93.543,audio_features,6xNwKNYZcvgV3XTIwsgNio,spotify:track:6xNwKNYZcvgV3XTIwsgNio,https://api.spotify.com/v1/tracks/6xNwKNYZcvgV3XTIwsgNio,https://api.spotify.com/v1/audio-analysis/6xNwKNYZcvgV3XTIwsgNio,127560,4,
45,Elvis Presley,Hound Dog,0.357,0.756,0,-8.492,1,0.0621,0.733,0.00505,0.76,0.95,174.797,audio_features,64Ny7djQ6rNJspquof2KoX,spotify:track:64Ny7djQ6rNJspquof2KoX,https://api.spotify.com/v1/tracks/64Ny7djQ6rNJspquof2KoX,https://api.spotify.com/v1/audio-analysis/64Ny7djQ6rNJspquof2KoX,136027,4,
46,Procol Harum,A Whiter Shade of Pale,0.249,0.66,0,-6.905,1,0.0342,0.504,0.0026,0.0891,0.435,149.813,audio_features,1cmjxqobVTrgAiJ0btAleN,spotify:track:1cmjxqobVTrgAiJ0btAleN,https://api.spotify.com/v1/tracks/1cmjxqobVTrgAiJ0btAleN,https://api.spotify.com/v1/audio-analysis/1cmjxqobVTrgAiJ0btAleN,248947,4,
47,Britney Spears,...Baby One More Time,0.759,0.699,0,-5.745,0,0.0307,0.202,0.000131,0.443,0.907,92.96,audio_features,3MjUtNVVq3C8Fn0MP3zhXa,spotify:track:3MjUtNVVq3C8Fn0MP3zhXa,https://api.spotify.com/v1/tracks/3MjUtNVVq3C8Fn0MP3zhXa,https://api.spotify.com/v1/audio-analysis/3MjUtNVVq3C8Fn0MP3zhXa,211067,4,
48,Van McCoy,The Hustle,0.627,0.875,0,-10.291,1,0.0741,0.232,0.475,0.0759,0.854,110.521,audio_features,75PHqzep3Lf11sIYP5ps5q,spotify:track:75PHqzep3Lf11sIYP5ps5q,https://api.spotify.com/v1/tracks/75PHqzep3Lf11sIYP5ps5q,https://api.spotify.com/v1/audio-analysis/75PHqzep3Lf11sIYP5ps5q,250240,4,
49,Wings,Mull of Kintyre,0.346,0.303,2,-13.604,1,0.0271,0.00128,0.0,0.116,0.43,91.715,audio_features,7t4c2dRPcikOFVODa0qlQu,spotify:track:7t4c2dRPcikOFVODa0qlQu,https://api.spotify.com/v1/tracks/7t4c2dRPcikOFVODa0qlQu,https://api.spotify.com/v1/audio-analysis/7t4c2dRPcikOFVODa0qlQu,283627,3,
50,The Animals,The House of the Rising Sun,0.316,0.484,9,-9.11,0,0.0308,0.000334,0.00445,0.0912,0.299,117.363,audio_features,3XC7Jd6SfrQYKZJ6inyRHK,spotify:track:3XC7Jd6SfrQYKZJ6inyRHK,https://api.spotify.com/v1/tracks/3XC7Jd6SfrQYKZJ6inyRHK,https://api.spotify.com/v1/audio-analysis/3XC7Jd6SfrQYKZJ6inyRHK,269907,3,
51,Hey Jude,Hey Jude,0.386,0.607,10,-7.7,1,0.0261,0.0112,1.38e-05,0.088,0.532,147.207,audio_features,0aym2LBJBk9DAYuHHutrIl,spotify:track:0aym2LBJBk9DAYuHHutrIl,https://api.spotify.com/v1/tracks/0aym2LBJBk9DAYuHHutrIl,https://api.spotify.com/v1/audio-analysis/0aym2LBJBk9DAYuHHutrIl,425653,4,
52,Mary Hopkin,Those Were the Days,0.374,0.292,6,-9.404,0,0.0319,0.869,0.000581,0.108,0.497,169.68,audio_features,6QOg1CWFpLAsIK7I54JX4G,spotify:track:6QOg1CWFpLAsIK7I54JX4G,https://api.spotify.com/v1/tracks/6QOg1CWFpLAsIK7I54JX4G,https://api.spotify.com/v1/audio-analysis/6QOg1CWFpLAsIK7I54JX4G,310213,3,
53,Paul Hardcastle,19,0.753,0.897,11,-8.54,1,0.073,0.00281,0.73,0.351,0.937,117.937,audio_features,5fVFdkU5U6ULjXgwm5q89Q,spotify:track:5fVFdkU5U6ULjXgwm5q89Q,https://api.spotify.com/v1/tracks/5fVFdkU5U6ULjXgwm5q89Q,https://api.spotify.com/v1/audio-analysis/5fVFdkU5U6ULjXgwm5q89Q,210853,4,
54,Mahalia Jackson,Move On Up a Little Higher,0.433,0.229,10,-10.147,1,0.0278,0.992,0.00014,0.114,0.518,82.971,audio_features,1pZ09vPv0b3s4uAVCHbbIF,spotify:track:1pZ09vPv0b3s4uAVCHbbIF,https://api.spotify.com/v1/tracks/1pZ09vPv0b3s4uAVCHbbIF,https://api.spotify.com/v1/audio-analysis/1pZ09vPv0b3s4uAVCHbbIF,163040,4,
55,M,Pop Muzik,0.94,0.727,1,-9.982,1,0.0358,0.124,0.00021,0.0808,0.969,110.796,audio_features,0FBeVAGy58YREuZK2rpRVm,spotify:track:0FBeVAGy58YREuZK2rpRVm,https://api.spotify.com/v1/tracks/0FBeVAGy58YREuZK2rpRVm,https://api.spotify.com/v1/audio-analysis/0FBeVAGy58YREuZK2rpRVm,296467,4,
56,Modern Talking,"You're My Heart, You're My Soul",0.845,0.541,1,-9.029,0,0.0748,0.0586,0.0586,0.149,0.79,117.362,audio_features,0Zn63G0XTiqXwr1KSmARWz,spotify:track:0Zn63G0XTiqXwr1KSmARWz,https://api.spotify.com/v1/tracks/0Zn63G0XTiqXwr1KSmARWz,https://api.spotify.com/v1/audio-analysis/0Zn63G0XTiqXwr1KSmARWz,334600,4,
57,Nirvana,Smells Like Teen Spirit,0.502,0.912,1,-4.556,1,0.0564,2.55e-05,0.000173,0.106,0.72,116.761,audio_features,1f3yAtsJtY87CTmM8RLnxf,spotify:track:1f3yAtsJtY87CTmM8RLnxf,https://api.spotify.com/v1/tracks/1f3yAtsJtY87CTmM8RLnxf,https://api.spotify.com/v1/audio-analysis/1f3yAtsJtY87CTmM8RLnxf,301920,4,
58,O-Zone,Dragostea din tei,0.664,0.888,11,-6.465,0,0.0294,0.0356,0.0,0.0913,0.791,130.035,audio_features,4TtkcCPD4SdVPhu2yFobMp,spotify:track:4TtkcCPD4SdVPhu2yFobMp,https://api.spotify.com/v1/tracks/4TtkcCPD4SdVPhu2yFobMp,https://api.spotify.com/v1/audio-analysis/4TtkcCPD4SdVPhu2yFobMp,213267,4,
59,Shocking Blue,Venus,0.691,0.762,11,-6.47,0,0.0367,0.462,0.0286,0.0804,0.957,128.111,audio_features,0Z3xhSOhrawLV81YdiDiiJ,spotify:track:0Z3xhSOhrawLV81YdiDiiJ,https://api.spotify.com/v1/tracks/0Z3xhSOhrawLV81YdiDiiJ,https://api.spotify.com/v1/audio-analysis/0Z3xhSOhrawLV81YdiDiiJ,187533,4,
60,Maurice Williams and the Zodiacs,Stay,0.555,0.404,7,-14.187,0,0.0621,0.842,0.0,0.218,0.736,120.509,audio_features,5R2DZitRTDYtrkCoJiddct,spotify:track:5R2DZitRTDYtrkCoJiddct,https://api.spotify.com/v1/tracks/5R2DZitRTDYtrkCoJiddct,https://api.spotify.com/v1/audio-analysis/5R2DZitRTDYtrkCoJiddct,94907,4,
61,4 Non Blondes,What's Up?,0.561,0.555,11,-9.734,0,0.0287,0.16,0.0,0.114,0.497,134.369,audio_features,0jWgAnTrNZmOGmqgvHhZEm,spotify:track:0jWgAnTrNZmOGmqgvHhZEm,https://api.spotify.com/v1/tracks/0jWgAnTrNZmOGmqgvHhZEm,https://api.spotify.com/v1/audio-analysis/0jWgAnTrNZmOGmqgvHhZEm,295493,4,
62,The Black Crowes,Hard to Handle,0.599,0.79,4,-3.58,1,0.043,0.00257,0.00181,0.312,0.961,103.783,audio_features,05NYcsjJwOYq4jIiKPVj9p,spotify:track:05NYcsjJwOYq4jIiKPVj9p,https://api.spotify.com/v1/tracks/05NYcsjJwOYq4jIiKPVj9p,https://api.spotify.com/v1/audio-analysis/05NYcsjJwOYq4jIiKPVj9p,188067,4,
63,Chic,Le Freak,0.867,0.746,7,-7.445,1,0.0475,0.0453,0.0,0.123,0.933,118.616,audio_features,28NBmftocOzTPEb6OYA9fW,spotify:track:28NBmftocOzTPEb6OYA9fW,https://api.spotify.com/v1/tracks/28NBmftocOzTPEb6OYA9fW,https://api.spotify.com/v1/audio-analysis/28NBmftocOzTPEb6OYA9fW,327573,4,
64,Georgie Fame,The Ballad of Bonnie and Clyde,0.706,0.467,7,-9.523,1,0.0852,0.713,0.0,0.253,0.735,107.053,audio_features,1C2K7ouw8OYXVThAnSXID9,spotify:track:1C2K7ouw8OYXVThAnSXID9,https://api.spotify.com/v1/tracks/1C2K7ouw8OYXVThAnSXID9,https://api.spotify.com/v1/audio-analysis/1C2K7ouw8OYXVThAnSXID9,189947,4,
65,Danyel Gérard,Butterfly,0.461,0.468,7,-8.654,1,0.0297,0.253,2.28e-05,0.101,0.515,81.192,audio_features,72rLswhYvQz9LRx3LogMIW,spotify:track:72rLswhYvQz9LRx3LogMIW,https://api.spotify.com/v1/tracks/72rLswhYvQz9LRx3LogMIW,https://api.spotify.com/v1/audio-analysis/72rLswhYvQz9LRx3LogMIW,205093,4,
66,Las Ketchup,Aserejé,0.607,0.923,1,-6.777,1,0.0948,0.0193,1.1e-06,0.0924,0.868,184.819,audio_features,6UEfyhyfhYQsyipxOd95Ie,spotify:track:6UEfyhyfhYQsyipxOd95Ie,https://api.spotify.com/v1/tracks/6UEfyhyfhYQsyipxOd95Ie,https://api.spotify.com/v1/audio-analysis/6UEfyhyfhYQsyipxOd95Ie,213973,4,
67,Scott McKenzie,San Francisco (Be Sure to Wear Flowers in Your Hair),0.525,0.52,7,-11.725,1,0.0271,0.538,0.00569,0.111,0.523,112.554,audio_features,6vcNJUWtUPB0hKC6VbZriY,spotify:track:6vcNJUWtUPB0hKC6VbZriY,https://api.spotify.com/v1/tracks/6vcNJUWtUPB0hKC6VbZriY,https://api.spotify.com/v1/audio-analysis/6vcNJUWtUPB0hKC6VbZriY,178507,4,
68,Roy Orbison,"Oh, Pretty Woman",0.619,0.603,9,-9.481,1,0.0342,0.715,0.0,0.0721,0.958,127.432,audio_features,48i055G1OT5KxGGftwFxWy,spotify:track:48i055G1OT5KxGGftwFxWy,https://api.spotify.com/v1/tracks/48i055G1OT5KxGGftwFxWy,https://api.spotify.com/v1/audio-analysis/48i055G1OT5KxGGftwFxWy,178933,4,
69,Queen,Another One Bites the Dust,0.933,0.528,5,-6.472,0,0.161,0.112,0.312,0.163,0.754,109.967,audio_features,5vdp5UmvTsnMEMESIF2Ym7,spotify:track:5vdp5UmvTsnMEMESIF2Ym7,https://api.spotify.com/v1/tracks/5vdp5UmvTsnMEMESIF2Ym7,https://api.spotify.com/v1/audio-analysis/5vdp5UmvTsnMEMESIF2Ym7,214653,4,
70,Julie Rogers,The Wedding,0.322,0.392,8,-9.757,1,0.0369,0.767,2.07e-06,0.104,0.464,95.85,audio_features,4tXEEORK2t25X2BpBHb2yw,spotify:track:4tXEEORK2t25X2BpBHb2yw,https://api.spotify.com/v1/tracks/4tXEEORK2t25X2BpBHb2yw,https://api.spotify.com/v1/audio-analysis/4tXEEORK2t25X2BpBHb2yw,149293,3,
71,Amazing Grace,Amazing Grace,0.505,0.461,7,-7.691,1,0.0278,0.721,0.755,0.071,0.414,87.989,audio_features,0enLtCNBPxgqHQJ68Uk1H8,spotify:track:0enLtCNBPxgqHQJ68Uk1H8,https://api.spotify.com/v1/tracks/0enLtCNBPxgqHQJ68Uk1H8,https://api.spotify.com/v1/audio-analysis/0enLtCNBPxgqHQJ68Uk1H8,244827,4,
72,Spice Girls,Wannabe,0.768,0.864,11,-6.145,1,0.0324,0.101,0.0,0.162,0.891,110.008,audio_features,1Je1IMUlBXcx1Fz0WE7oPT,spotify:track:1Je1IMUlBXcx1Fz0WE7oPT,https://api.spotify.com/v1/tracks/1Je1IMUlBXcx1Fz0WE7oPT,https://api.spotify.com/v1/audio-analysis/1Je1IMUlBXcx1Fz0WE7oPT,173027,4,
73,Ricky Valance,Tell Laura I Love Her,0.48,0.251,10,-10.762,1,0.0335,0.691,8.05e-06,0.139,0.549,116.715,audio_features,77RGXccaKCPp3sLlP5eOOR,spotify:track:77RGXccaKCPp3sLlP5eOOR,https://api.spotify.com/v1/tracks/77RGXccaKCPp3sLlP5eOOR,https://api.spotify.com/v1/audio-analysis/77RGXccaKCPp3sLlP5eOOR,160099,4,
74,Artie Shaw,Begin the Beguine,0.656,0.238,2,-10.889,1,0.0377,0.938,0.134,0.292,0.616,139.774,audio_features,1H13WKDhOgwVeWzveBPTh0,spotify:track:1H13WKDhOgwVeWzveBPTh0,https://api.spotify.com/v1/tracks/1H13WKDhOgwVeWzveBPTh0,https://api.spotify.com/v1/audio-analysis/1H13WKDhOgwVeWzveBPTh0,194933,4,
75,Culture Club,Do You Really Want to Hurt Me,0.744,0.376,4,-14.996,0,0.0366,0.0815,0.0,0.108,0.42,100.78,audio_features,1I6q6nwNjNgik1Qe8Oi0Y7,spotify:track:1I6q6nwNjNgik1Qe8Oi0Y7,https://api.spotify.com/v1/tracks/1I6q6nwNjNgik1Qe8Oi0Y7,https://api.spotify.com/v1/audio-analysis/1I6q6nwNjNgik1Qe8Oi0Y7,262173,4,
76,Eiffel 65,Blue (Da Ba Dee),0.822,0.969,7,-11.471,0,0.0582,0.259,0.000162,0.39,0.765,128.007,audio_features,2yAVzRiEQooPEJ9SYx11L3,spotify:track:2yAVzRiEQooPEJ9SYx11L3,https://api.spotify.com/v1/tracks/2yAVzRiEQooPEJ9SYx11L3,https://api.spotify.com/v1/audio-analysis/2yAVzRiEQooPEJ9SYx11L3,283748,4,
77,The Archies,"Sugar, Sugar",0.736,0.871,2,-2.786,1,0.0278,0.466,0.0,0.108,0.967,122.395,audio_features,3iSws76HjaU7k49EqJVTfF,spotify:track:3iSws76HjaU7k49EqJVTfF,https://api.spotify.com/v1/tracks/3iSws76HjaU7k49EqJVTfF,https://api.spotify.com/v1/audio-analysis/3iSws76HjaU7k49EqJVTfF,167187,4,
78,Can't Buy Me Love,Can't Buy Me Love,0.483,0.677,0,-5.91,1,0.0593,0.283,0.0,0.321,0.842,170.72,audio_features,3SdingSsFcZDZAyvcJbgAw,spotify:track:3SdingSsFcZDZAyvcJbgAw,https://api.spotify.com/v1/tracks/3SdingSsFcZDZAyvcJbgAw,https://api.spotify.com/v1/audio-analysis/3SdingSsFcZDZAyvcJbgAw,131867,4,
79,The Champs,Tequila,0.671,0.742,5,-9.912,1,0.0441,0.121,0.679,0.0601,0.897,89.748,audio_features,5gJKsGij5oGt5H5RSFYXPa,spotify:track:5gJKsGij5oGt5H5RSFYXPa,https://api.spotify.com/v1/tracks/5gJKsGij5oGt5H5RSFYXPa,https://api.spotify.com/v1/audio-analysis/5gJKsGij5oGt5H5RSFYXPa,135240,4,
80,Clout,Substitute,0.703,0.726,4,-7.089,1,0.0245,0.0108,0.0,0.161,0.785,103.019,audio_features,5po2HCMZvJ0aPSxRRGKm3p,spotify:track:5po2HCMZvJ0aPSxRRGKm3p,https://api.spotify.com/v1/tracks/5po2HCMZvJ0aPSxRRGKm3p,https://api.spotify.com/v1/audio-analysis/5po2HCMZvJ0aPSxRRGKm3p,209187,4,
81,Coolio,Gangsta's Paradise,0.647,0.514,8,-10.05,1,0.0593,0.0655,0.0,0.398,0.387,79.974,audio_features,7lQWRAjyhTpCWFC0jmclT4,spotify:track:7lQWRAjyhTpCWFC0jmclT4,https://api.spotify.com/v1/tracks/7lQWRAjyhTpCWFC0jmclT4,https://api.spotify.com/v1/audio-analysis/7lQWRAjyhTpCWFC0jmclT4,240693,4,
82,Bing Crosby,Jingle Bells,0.743,0.457,3,-10.454,1,0.0689,0.709,0.0,0.0694,0.862,121.756,audio_features,3lkYWtgDfvt304mDIkzCxr,spotify:track:3lkYWtgDfvt304mDIkzCxr,https://api.spotify.com/v1/tracks/3lkYWtgDfvt304mDIkzCxr,https://api.spotify.com/v1/audio-analysis/3lkYWtgDfvt304mDIkzCxr,154707,4,
83,Vernon Dalhart,The Prisoner's Song,0.307,0.316,2,-12.139,1,0.0369,0.991,0.171,0.184,0.339,139.232,audio_features,5A63jDvAp0piOKksW7rog4,spotify:track:5A63jDvAp0piOKksW7rog4,https://api.spotify.com/v1/tracks/5A63jDvAp0piOKksW7rog4,https://api.spotify.com/v1/audio-analysis/5A63jDvAp0piOKksW7rog4,197878,4,
84,Dawn featuring Tony Orlando,Tie a Yellow Ribbon Round the Ole Oak Tree,0.609,0.368,5,-15.259,1,0.0345,0.107,0.738,0.137,0.822,172.965,audio_features,0SYUvX6AWj1CkDLcFAQG3Q,spotify:track:0SYUvX6AWj1CkDLcFAQG3Q,https://api.spotify.com/v1/tracks/0SYUvX6AWj1CkDLcFAQG3Q,https://api.spotify.com/v1/audio-analysis/0SYUvX6AWj1CkDLcFAQG3Q,203781,4,
85,Neil Diamond,Cracklin' Rosie,0.562,0.492,1,-14.669,1,0.0341,0.352,0.0,0.164,0.858,127.811,audio_features,5pkd9ib1RgbkAd1R9bIOCa,spotify:track:5pkd9ib1RgbkAd1R9bIOCa,https://api.spotify.com/v1/tracks/5pkd9ib1RgbkAd1R9bIOCa,https://api.spotify.com/v1/audio-analysis/5pkd9ib1RgbkAd1R9bIOCa,179933,4,
86,Frankie Goes to Hollywood,Relax,0.683,0.875,4,-6.916,0,0.0481,0.204,1.9e-06,0.0631,0.674,115.401,audio_features,3MIVb9pn5cDSdK7yNDsMU1,spotify:track:3MIVb9pn5cDSdK7yNDsMU1,https://api.spotify.com/v1/tracks/3MIVb9pn5cDSdK7yNDsMU1,https://api.spotify.com/v1/audio-analysis/3MIVb9pn5cDSdK7yNDsMU1,236160,4,
87,Harry Simeone Chorale,The Little Drummer Boy,0.434,0.0905,8,-21.061,1,0.0407,0.968,0.0849,0.111,0.152,113.561,audio_features,149QwFCTJdkn3cWQkmDnZY,spotify:track:149QwFCTJdkn3cWQkmDnZY,https://api.spotify.com/v1/tracks/149QwFCTJdkn3cWQkmDnZY,https://api.spotify.com/v1/audio-analysis/149QwFCTJdkn3cWQkmDnZY,200427,4,
88,The Jackson Five,I Want You Back,0.469,0.538,8,-13.559,1,0.0571,0.305,0.00012,0.37,0.886,196.605,audio_features,5LxvwujISqiB8vpRYv887S,spotify:track:5LxvwujISqiB8vpRYv887S,https://api.spotify.com/v1/tracks/5LxvwujISqiB8vpRYv887S,https://api.spotify.com/v1/audio-analysis/5LxvwujISqiB8vpRYv887S,176333,4,
89,Jerry Lee Lewis,Whole Lotta Shakin' Goin' On,0.509,0.696,5,-12.535,1,0.0501,0.43,0.0,0.351,0.747,91.463,audio_features,2Yply65U0i60PA5XZMYNC2,spotify:track:2Yply65U0i60PA5XZMYNC2,https://api.spotify.com/v1/tracks/2Yply65U0i60PA5XZMYNC2,https://api.spotify.com/v1/audio-analysis/2Yply65U0i60PA5XZMYNC2,161307,4,
90,Lio,Amoureux solitaires,0.83,0.652,9,-7.229,1,0.067,0.126,0.00954,0.072,0.847,118.874,audio_features,0ZJgIjGJdYzgb03LSH09Gx,spotify:track:0ZJgIjGJdYzgb03LSH09Gx,https://api.spotify.com/v1/tracks/0ZJgIjGJdYzgb03LSH09Gx,https://api.spotify.com/v1/audio-analysis/0ZJgIjGJdYzgb03LSH09Gx,221800,4,
91,Madonna,Vogue,0.737,0.88,6,-6.449,1,0.0433,0.00379,0.00351,0.417,0.329,115.998,audio_features,27QvYgBk0CHOVHthWnkuWt,spotify:track:27QvYgBk0CHOVHthWnkuWt,https://api.spotify.com/v1/tracks/27QvYgBk0CHOVHthWnkuWt,https://api.spotify.com/v1/audio-analysis/27QvYgBk0CHOVHthWnkuWt,316813,4,
92,George Michael,Careless Whisper,0.574,0.629,2,-8.815,0,0.0363,0.128,0.0,0.271,0.786,153.119,audio_features,4jDmJ51x1o9NZB5Nxxc7gY,spotify:track:4jDmJ51x1o9NZB5Nxxc7gY,https://api.spotify.com/v1/tracks/4jDmJ51x1o9NZB5Nxxc7gY,https://api.spotify.com/v1/audio-analysis/4jDmJ51x1o9NZB5Nxxc7gY,300107,4,
93,Rick Nelson,Travelin' Man,0.741,0.363,2,-12.484,1,0.0335,0.669,0.0,0.117,0.859,123.263,audio_features,2jc4wyf3ys0zKCpxHRjEYx,spotify:track:2jc4wyf3ys0zKCpxHRjEYx,https://api.spotify.com/v1/tracks/2jc4wyf3ys0zKCpxHRjEYx,https://api.spotify.com/v1/audio-analysis/2jc4wyf3ys0zKCpxHRjEYx,142933,4,
94,The New Seekers,I'd Like to Teach the World to Sing (In Perfect Harmony),0.664,0.455,11,-10.236,1,0.0345,0.629,0.0,0.515,0.781,132.348,audio_features,48DJAUMShjooAV4CYMvrvE,spotify:track:48DJAUMShjooAV4CYMvrvE,https://api.spotify.com/v1/tracks/48DJAUMShjooAV4CYMvrvE,https://api.spotify.com/v1/audio-analysis/48DJAUMShjooAV4CYMvrvE,148907,4,
95,Elvis Presley,Don't Be Cruel,0.697,0.55,2,-11.496,1,0.18,0.856,3.44e-05,0.0907,0.844,84.802,audio_features,01u6AEzGbGbQyYVdxajxqk,spotify:track:01u6AEzGbGbQyYVdxajxqk,https://api.spotify.com/v1/tracks/01u6AEzGbGbQyYVdxajxqk,https://api.spotify.com/v1/audio-analysis/01u6AEzGbGbQyYVdxajxqk,122893,4,
96,Rick Dees,Disco Duck,0.876,0.667,6,-8.692,0,0.0429,0.176,0.849,0.0499,0.785,113.976,audio_features,6wu1xdQlkKCZFRi3bOd5Rl,spotify:track:6wu1xdQlkKCZFRi3bOd5Rl,https://api.spotify.com/v1/tracks/6wu1xdQlkKCZFRi3bOd5Rl,https://api.spotify.com/v1/audio-analysis/6wu1xdQlkKCZFRi3bOd5Rl,206031,4,
97,Jeannie C. Riley,Harper Valley P.T.A.,0.795,0.448,4,-13.427,1,0.0444,0.629,0.0,0.0659,0.96,122.318,audio_features,2sZIclzhHlH8tzf7wry9hK,spotify:track:2sZIclzhHlH8tzf7wry9hK,https://api.spotify.com/v1/tracks/2sZIclzhHlH8tzf7wry9hK,https://api.spotify.com/v1/audio-analysis/2sZIclzhHlH8tzf7wry9hK,194400,4,
98,Simon and Garfunkel,Bridge over Troubled Water,0.149,0.206,3,-13.888,1,0.0323,0.822,0.000649,0.115,0.264,79.764,audio_features,6l8EbYRtQMgKOyc1gcDHF9,spotify:track:6l8EbYRtQMgKOyc1gcDHF9,https://api.spotify.com/v1/tracks/6l8EbYRtQMgKOyc1gcDHF9,https://api.spotify.com/v1/audio-analysis/6l8EbYRtQMgKOyc1gcDHF9,293120,4,
99,My Boy Lollipop,My Boy Lollipop,0.661,0.67,2,-5.734,1,0.0386,0.162,1.73e-06,0.0737,0.935,132.032,audio_features,4Tsx5uLCyJphR0oAzbFS9D,spotify:track:4Tsx5uLCyJphR0oAzbFS9D,https://api.spotify.com/v1/tracks/4Tsx5uLCyJphR0oAzbFS9D,https://api.spotify.com/v1/audio-analysis/4Tsx5uLCyJphR0oAzbFS9D,122160,4,
100,Stars on 45,Stars on 45,0.779,0.653,7,-10.827,1,0.0618,0.345,2.44e-06,0.475,0.968,122.569,audio_features,59BkBWQitTPgS1inzGfyI5,spotify:track:59BkBWQitTPgS1inzGfyI5,https://api.spotify.com/v1/tracks/59BkBWQitTPgS1inzGfyI5,https://api.spotify.com/v1/audio-analysis/59BkBWQitTPgS1inzGfyI5,286581,4,
101,Tony Orlando and Dawn,Knock Three Times,0.777,0.581,1,-10.129,1,0.0517,0.154,0.0,0.11,0.93,123.1,audio_features,6gvfXd7pEUSPuNEMWwOJUH,spotify:track:6gvfXd7pEUSPuNEMWwOJUH,https://api.spotify.com/v1/tracks/6gvfXd7pEUSPuNEMWwOJUH,https://api.spotify.com/v1/audio-analysis/6gvfXd7pEUSPuNEMWwOJUH,180360,4,
102,Bonnie Tyler,It's a Heartache,0.54,0.707,0,-5.541,1,0.0294,0.0291,1.24e-06,0.368,0.494,118.875,audio_features,2pag2vElkdroT8hIO4Gozi,spotify:track:2pag2vElkdroT8hIO4Gozi,https://api.spotify.com/v1/tracks/2pag2vElkdroT8hIO4Gozi,https://api.spotify.com/v1/audio-analysis/2pag2vElkdroT8hIO4Gozi,209760,4,
103,Bonnie Tyler,Total Eclipse of the Heart,0.435,0.658,8,-8.179,1,0.0661,0.195,0.0,0.102,0.184,130.276,audio_features,5prTs2HAw2G4idHZyeFp8o,spotify:track:5prTs2HAw2G4idHZyeFp8o,https://api.spotify.com/v1/tracks/5prTs2HAw2G4idHZyeFp8o,https://api.spotify.com/v1/audio-analysis/5prTs2HAw2G4idHZyeFp8o,269787,4,
104,Tino Rossi,Petit Papa Noël,0.334,0.314,10,-9.437,1,0.0341,0.985,0.000806,0.0598,0.422,105.366,audio_features,5FHMtswRpmTObVb9wnZWga,spotify:track:5FHMtswRpmTObVb9wnZWga,https://api.spotify.com/v1/tracks/5FHMtswRpmTObVb9wnZWga,https://api.spotify.com/v1/audio-analysis/5FHMtswRpmTObVb9wnZWga,195533,4,
105,1910 Fruitgum Company,Simon Says,0.777,0.693,4,-7.65,1,0.0343,0.24,0.0003,0.307,0.985,135.348,audio_features,5IIwfioAOLmPFkD6ESOmvJ,spotify:track:5IIwfioAOLmPFkD6ESOmvJ,https://api.spotify.com/v1/tracks/5IIwfioAOLmPFkD6ESOmvJ,https://api.spotify.com/v1/audio-analysis/5IIwfioAOLmPFkD6ESOmvJ,135493,4,
106,ABBA,Waterloo,0.445,0.949,2,-4.682,1,0.0471,0.395,8.18e-06,0.0902,0.653,147.604,audio_features,3Dy4REq8O09IlgiwuHQ3sk,spotify:track:3Dy4REq8O09IlgiwuHQ3sk,https://api.spotify.com/v1/tracks/3Dy4REq8O09IlgiwuHQ3sk,https://api.spotify.com/v1/audio-analysis/3Dy4REq8O09IlgiwuHQ3sk,168960,4,
107,Gene Austin,My Blue Heaven,0.3,0.265,3,-13.121,1,0.047,0.982,0.809,0.151,0.412,66.88,audio_features,4o2HHjAUxIdqT3cO9nHUgN,spotify:track:4o2HHjAUxIdqT3cO9nHUgN,https://api.spotify.com/v1/tracks/4o2HHjAUxIdqT3cO9nHUgN,https://api.spotify.com/v1/audio-analysis/4o2HHjAUxIdqT3cO9nHUgN,214035,4,
108,Gene Autry,That Silver-Haired Daddy of Mine,0.476,0.168,5,-12.644,1,0.0343,0.973,1.83e-06,0.412,0.545,165.334,audio_features,1afKwEw7l7Ycj9zROHeymm,spotify:track:1afKwEw7l7Ycj9zROHeymm,https://api.spotify.com/v1/tracks/1afKwEw7l7Ycj9zROHeymm,https://api.spotify.com/v1/audio-analysis/1afKwEw7l7Ycj9zROHeymm,166400,4,
109,Charles Aznavour,She,0.348,0.393,1,-9.787,1,0.03,0.223,0.0,0.151,0.357,132.069,audio_features,2OxkfL5jW8bvYTCNDLlRSY,spotify:track:2OxkfL5jW8bvYTCNDLlRSY,https://api.spotify.com/v1/tracks/2OxkfL5jW8bvYTCNDLlRSY,https://api.spotify.com/v1/audio-analysis/2OxkfL5jW8bvYTCNDLlRSY,153067,4,
110,She Loves You,She Loves You,0.377,0.916,4,-3.199,0,0.0481,0.26,0.0,0.074,0.912,75.533,audio_features,6nEkxYIEnrbYH7h1hJ8Xn6,spotify:track:6nEkxYIEnrbYH7h1hJ8Xn6,https://api.spotify.com/v1/tracks/6nEkxYIEnrbYH7h1hJ8Xn6,https://api.spotify.com/v1/audio-analysis/6nEkxYIEnrbYH7h1hJ8Xn6,140920,4,
111,Bee Gees,Massachusetts,0.488,0.581,7,-8.01,1,0.0291,0.00242,0.000216,0.0664,0.445,102.103,audio_features,3o7k5Mcdi0PFAXICTqjxra,spotify:track:3o7k5Mcdi0PFAXICTqjxra,https://api.spotify.com/v1/tracks/3o7k5Mcdi0PFAXICTqjxra,https://api.spotify.com/v1/audio-analysis/3o7k5Mcdi0PFAXICTqjxra,146907,4,
112,Debby Boone,You Light Up My Life,0.333,0.367,2,-10.06,1,0.0291,0.831,1.19e-05,0.262,0.0685,77.986,audio_features,3dFR132gzO8jxD57R2gid3,spotify:track:3dFR132gzO8jxD57R2gid3,https://api.spotify.com/v1/tracks/3dFR132gzO8jxD57R2gid3,https://api.spotify.com/v1/audio-analysis/3dFR132gzO8jxD57R2gid3,216287,3,
113,The Buggles,Video Killed the Radio Star,0.68,0.678,1,-11.548,1,0.0754,0.103,0.00828,0.204,0.251,131.165,audio_features,7o7E1nrHWncYY7PY94gCiX,spotify:track:7o7E1nrHWncYY7PY94gCiX,https://api.spotify.com/v1/tracks/7o7E1nrHWncYY7PY94gCiX,https://api.spotify.com/v1/audio-analysis/7o7E1nrHWncYY7PY94gCiX,252773,4,
114,Culture Club,Karma Chameleon,0.668,0.73,10,-7.182,1,0.0366,0.225,0.0,0.188,0.894,92.049,audio_features,2wSAWEYUHkt92X4SBAPqZE,spotify:track:2wSAWEYUHkt92X4SBAPqZE,https://api.spotify.com/v1/tracks/2wSAWEYUHkt92X4SBAPqZE,https://api.spotify.com/v1/audio-analysis/2wSAWEYUHkt92X4SBAPqZE,252773,4,
115,Teach Me Tonight,Teach Me Tonight,0.591,0.231,8,-11.436,1,0.0775,0.805,0.0,0.142,0.401,72.589,audio_features,6YvLdYbHmRzRsw9ZoJxsVC,spotify:track:6YvLdYbHmRzRsw9ZoJxsVC,https://api.spotify.com/v1/tracks/6YvLdYbHmRzRsw9ZoJxsVC,https://api.spotify.com/v1/audio-analysis/6YvLdYbHmRzRsw9ZoJxsVC,167493,4,
116,Enigma,Sadeness (Part I),0.58,0.867,7,-7.912,1,0.0864,0.000686,0.432,0.174,0.614,191.427,audio_features,01ZcGaInwbGQ851SwRKnNE,spotify:track:01ZcGaInwbGQ851SwRKnNE,https://api.spotify.com/v1/tracks/01ZcGaInwbGQ851SwRKnNE,https://api.spotify.com/v1/audio-analysis/01ZcGaInwbGQ851SwRKnNE,305693,4,
117,Fatboy Slim,The Rockafeller Skank,0.666,0.992,7,-6.701,1,0.251,0.0111,0.00437,0.22,0.0802,152.59,audio_features,48JrHJdke53Te8dQ9aWzvV,spotify:track:48JrHJdke53Te8dQ9aWzvV,https://api.spotify.com/v1/tracks/48JrHJdke53Te8dQ9aWzvV,https://api.spotify.com/v1/audio-analysis/48JrHJdke53Te8dQ9aWzvV,413880,4,
118,George Harrison,My Sweet Lord,0.538,0.704,1,-8.904,0,0.0332,0.0794,0.0,0.0867,0.583,120.963,audio_features,0qdQUeKVyevrbKhAo0ibxS,spotify:track:0qdQUeKVyevrbKhAo0ibxS,https://api.spotify.com/v1/tracks/0qdQUeKVyevrbKhAo0ibxS,https://api.spotify.com/v1/audio-analysis/0qdQUeKVyevrbKhAo0ibxS,281227,4,
119,Engelbert Humperdinck,Release Me,0.162,0.301,5,-11.007,1,0.0307,0.848,1.43e-05,0.101,0.298,84.413,audio_features,0Si6MQzSdOyfWTy0LP5ojD,spotify:track:0Si6MQzSdOyfWTy0LP5ojD,https://api.spotify.com/v1/tracks/0Si6MQzSdOyfWTy0LP5ojD,https://api.spotify.com/v1/audio-analysis/0Si6MQzSdOyfWTy0LP5ojD,204413,4,
120,I Santo California,Torneró,0.336,0.469,7,-10.458,1,0.0365,0.835,0.0818,0.195,0.136,118.627,audio_features,5VccJRQCjaYk8sfAM2jKgi,spotify:track:5VccJRQCjaYk8sfAM2jKgi,https://api.spotify.com/v1/tracks/5VccJRQCjaYk8sfAM2jKgi,https://api.spotify.com/v1/audio-analysis/5VccJRQCjaYk8sfAM2jKgi,241395,4,
121,I'll Be There,I'll Be There,0.623,0.851,7,-3.111,1,0.0409,0.0228,0.0,0.12,0.4,100.063,audio_features,083Qf6hn6sFL6xiOHlZUyn,spotify:track:083Qf6hn6sFL6xiOHlZUyn,https://api.spotify.com/v1/tracks/083Qf6hn6sFL6xiOHlZUyn,https://api.spotify.com/v1/audio-analysis/083Qf6hn6sFL6xiOHlZUyn,193924,4,
122,Tom Jones,Delilah,0.529,0.497,9,-10.924,0,0.0273,0.614,2.12e-06,0.549,0.791,95.908,audio_features,2v8B8d17Xxu9uLU5sNiHSL,spotify:track:2v8B8d17Xxu9uLU5sNiHSL,https://api.spotify.com/v1/tracks/2v8B8d17Xxu9uLU5sNiHSL,https://api.spotify.com/v1/audio-analysis/2v8B8d17Xxu9uLU5sNiHSL,204160,1,
123,Kaoma,Lambada,0.756,0.8,5,-5.158,1,0.0329,0.211,0.000723,0.047,0.967,118.921,audio_features,6xepovPqjvrkEw9Y5AMmTm,spotify:track:6xepovPqjvrkEw9Y5AMmTm,https://api.spotify.com/v1/tracks/6xepovPqjvrkEw9Y5AMmTm,https://api.spotify.com/v1/audio-analysis/6xepovPqjvrkEw9Y5AMmTm,207467,4,
124,Jerry Lee Lewis,Great Balls of Fire,0.463,0.747,10,-7.559,1,0.0704,0.478,0.0,0.232,0.861,159.661,audio_features,1h2NZP7rlDgelQ0r1tCOzs,spotify:track:1h2NZP7rlDgelQ0r1tCOzs,https://api.spotify.com/v1/tracks/1h2NZP7rlDgelQ0r1tCOzs,https://api.spotify.com/v1/audio-analysis/1h2NZP7rlDgelQ0r1tCOzs,110653,4,
125,Like a Prayer,Like a Prayer,0.624,0.842,5,-5.285,1,0.0376,0.264,2.11e-05,0.181,0.257,111.037,audio_features,1z3ugFmUKoCzGsI6jdY4Ci,spotify:track:1z3ugFmUKoCzGsI6jdY4Ci,https://api.spotify.com/v1/tracks/1z3ugFmUKoCzGsI6jdY4Ci,https://api.spotify.com/v1/audio-analysis/1z3ugFmUKoCzGsI6jdY4Ci,342680,4,
126,Ricky Martin,María,0.723,0.914,7,-5.598,0,0.0663,0.0726,2.12e-05,0.95,0.968,101.181,audio_features,0QQHPRbgLJJ5XNzJV1l9BW,spotify:track:0QQHPRbgLJJ5XNzJV1l9BW,https://api.spotify.com/v1/tracks/0QQHPRbgLJJ5XNzJV1l9BW,https://api.spotify.com/v1/audio-analysis/0QQHPRbgLJJ5XNzJV1l9BW,262573,4,
127,Michael Zager Band,Let's All Chant,0.85,0.769,4,-8.648,0,0.0359,0.0289,0.01,0.0899,0.967,122.007,audio_features,2xGMzDlPnmPHD8HUYOy4Lw,spotify:track:2xGMzDlPnmPHD8HUYOy4Lw,https://api.spotify.com/v1/tracks/2xGMzDlPnmPHD8HUYOy4Lw,https://api.spotify.com/v1/audio-analysis/2xGMzDlPnmPHD8HUYOy4Lw,184453,4,
128,Mitch Miller,March from the River Kwai,0.568,0.5,0,-12.709,1,0.0284,0.756,0.84,0.493,0.805,108.452,audio_features,4XRIZUDdchUQTKKCSpUvV5,spotify:track:4XRIZUDdchUQTKKCSpUvV5,https://api.spotify.com/v1/tracks/4XRIZUDdchUQTKKCSpUvV5,https://api.spotify.com/v1/audio-analysis/4XRIZUDdchUQTKKCSpUvV5,144533,4,
129,The Monkees,Daydream Believer,0.51,0.488,7,-10.304,1,0.0304,0.256,0.0,0.11,0.649,125.683,audio_features,7uEcCGtM1FBBGIhPozhJjv,spotify:track:7uEcCGtM1FBBGIhPozhJjv,https://api.spotify.com/v1/tracks/7uEcCGtM1FBBGIhPozhJjv,https://api.spotify.com/v1/audio-analysis/7uEcCGtM1FBBGIhPozhJjv,179613,4,
130,Art Mooney and His Orchestra,Bluebird of Happiness,0.165,0.102,1,-22.395,1,0.0451,0.992,0.165,0.19,0.304,76.373,audio_features,6Bgq2RBgrzWuomYPJBYgIq,spotify:track:6Bgq2RBgrzWuomYPJBYgIq,https://api.spotify.com/v1/tracks/6Bgq2RBgrzWuomYPJBYgIq,https://api.spotify.com/v1/audio-analysis/6Bgq2RBgrzWuomYPJBYgIq,198478,4,
131,Art Mooney and His Orchestra,I'm Looking Over a Four Leaf Clover,0.71,0.355,2,-6.132,1,0.045,0.829,0.0,0.359,0.908,147.129,audio_features,3k3GVP7ygSagU4S6bUKANI,spotify:track:3k3GVP7ygSagU4S6bUKANI,https://api.spotify.com/v1/tracks/3k3GVP7ygSagU4S6bUKANI,https://api.spotify.com/v1/audio-analysis/3k3GVP7ygSagU4S6bUKANI,158011,4,
132,Musical Youth,Pass the Dutchie,0.8,0.418,7,-14.345,1,0.0942,0.447,0.0,0.315,0.966,149.749,audio_features,4s4KlGfd3tBaSflx18R5jX,spotify:track:4s4KlGfd3tBaSflx18R5jX,https://api.spotify.com/v1/tracks/4s4KlGfd3tBaSflx18R5jX,https://api.spotify.com/v1/audio-analysis/4s4KlGfd3tBaSflx18R5jX,205427,4,
133,Donny Osmond,Puppy Love,0.414,0.681,1,-3.992,1,0.036,0.612,7.98e-06,0.248,0.538,102.338,audio_features,7HWH4kGaHR3ZwKNFPT4dSW,spotify:track:7HWH4kGaHR3ZwKNFPT4dSW,https://api.spotify.com/v1/tracks/7HWH4kGaHR3ZwKNFPT4dSW,https://api.spotify.com/v1/audio-analysis/7HWH4kGaHR3ZwKNFPT4dSW,184973,3,
134,The Partridge Family,I Think I Love You,0.432,0.471,3,-12.26,1,0.0473,0.422,0.0,0.141,0.783,203.27,audio_features,2hb6LFp0TwBjkhf37od4G3,spotify:track:2hb6LFp0TwBjkhf37od4G3,https://api.spotify.com/v1/tracks/2hb6LFp0TwBjkhf37od4G3,https://api.spotify.com/v1/audio-analysis/2hb6LFp0TwBjkhf37od4G3,173400,4,
135,Elvis Presley,Surrender,0.354,0.536,3,-12.731,1,0.0404,0.736,7.12e-06,0.2,0.833,108.618,audio_features,366wRPrx2airjcCRkxgoS2,spotify:track:366wRPrx2airjcCRkxgoS2,https://api.spotify.com/v1/tracks/366wRPrx2airjcCRkxgoS2,https://api.spotify.com/v1/audio-analysis/366wRPrx2airjcCRkxgoS2,112360,3,
136,Gerry Rafferty,Baker Street,0.497,0.349,7,-14.0,1,0.0297,0.0929,0.028,0.259,0.421,113.762,audio_features,5gOd6zDC8vhlYjqbQdJVWP,spotify:track:5gOd6zDC8vhlYjqbQdJVWP,https://api.spotify.com/v1/tracks/5gOd6zDC8vhlYjqbQdJVWP,https://api.spotify.com/v1/audio-analysis/5gOd6zDC8vhlYjqbQdJVWP,365627,4,
137,Cliff Richard,We Don't Talk Anymore,0.746,0.703,0,-7.853,1,0.0291,0.0014,0.00414,0.066,0.733,111.569,audio_features,3Ug96zKa29P3vICEEcYajZ,spotify:track:3Ug96zKa29P3vICEEcYajZ,https://api.spotify.com/v1/tracks/3Ug96zKa29P3vICEEcYajZ,https://api.spotify.com/v1/audio-analysis/3Ug96zKa29P3vICEEcYajZ,257160,4,
138,Nini Rosso,Il Silenzio,0.365,0.33,10,-8.684,1,0.0286,0.943,0.869,0.13,0.283,92.641,audio_features,3IaXbJBLu2MgwJMu1KvUvQ,spotify:track:3IaXbJBLu2MgwJMu1KvUvQ,https://api.spotify.com/v1/tracks/3IaXbJBLu2MgwJMu1KvUvQ,https://api.spotify.com/v1/audio-analysis/3IaXbJBLu2MgwJMu1KvUvQ,189333,3,
139,David Seville,The Chipmunk Song (Christmas Don't Be Late),0.613,0.37,3,-11.548,1,0.0344,0.707,2.98e-06,0.23,0.777,152.548,audio_features,02NKMA9cIkq6VuBNu9q9Wf,spotify:track:02NKMA9cIkq6VuBNu9q9Wf,https://api.spotify.com/v1/tracks/02NKMA9cIkq6VuBNu9q9Wf,https://api.spotify.com/v1/audio-analysis/02NKMA9cIkq6VuBNu9q9Wf,141467,3,
140,Tag Team,Whoomp! (There It Is),0.798,0.717,4,-6.272,0,0.0538,0.0011,0.0,0.353,0.52,131.886,audio_features,0SuYcbenEg2MdkZunyqtwN,spotify:track:0SuYcbenEg2MdkZunyqtwN,https://api.spotify.com/v1/tracks/0SuYcbenEg2MdkZunyqtwN,https://api.spotify.com/v1/audio-analysis/0SuYcbenEg2MdkZunyqtwN,233400,4,
141,Three Dog Night,Joy to the World,0.591,0.726,2,-13.545,1,0.0315,0.0384,2.49e-06,0.119,0.968,129.057,audio_features,1VZ04sZSpTet7wVMyZphA8,spotify:track:1VZ04sZSpTet7wVMyZphA8,https://api.spotify.com/v1/tracks/1VZ04sZSpTet7wVMyZphA8,https://api.spotify.com/v1/audio-analysis/1VZ04sZSpTet7wVMyZphA8,214960,4,
142,Tommy James and the Shondells,Crimson and Clover,0.408,0.692,11,-9.478,1,0.0685,0.235,0.0255,0.197,0.684,82.499,audio_features,0I4yYE831a8SW8QIx6bz4x,spotify:track:0I4yYE831a8SW8QIx6bz4x,https://api.spotify.com/v1/tracks/0I4yYE831a8SW8QIx6bz4x,https://api.spotify.com/v1/audio-analysis/0I4yYE831a8SW8QIx6bz4x,209640,4,
143,The Tornados,Telstar,0.196,0.751,9,-7.39,1,0.0405,0.00252,0.667,0.378,0.629,145.719,audio_features,2rtaHm5SkgFzVa5Gr8oTW6,spotify:track:2rtaHm5SkgFzVa5Gr8oTW6,https://api.spotify.com/v1/tracks/2rtaHm5SkgFzVa5Gr8oTW6,https://api.spotify.com/v1/audio-analysis/2rtaHm5SkgFzVa5Gr8oTW6,195093,4,
144,Zager and Evans,In the Year 2525,0.451,0.62,8,-5.609,0,0.0361,0.145,0.0239,0.0677,0.5,123.487,audio_features,5UVsbUV0Kh033cqsZ5sLQi,spotify:track:5UVsbUV0Kh033cqsZ5sLQi,https://api.spotify.com/v1/tracks/5UVsbUV0Kh033cqsZ5sLQi,https://api.spotify.com/v1/audio-analysis/5UVsbUV0Kh033cqsZ5sLQi,199653,4,
